firstname,lastname,email,birthday,phone,gender,street,zipcode,city,country
Venus,Blake,at@luctus.edu,17/04/2012,0463599385,0,492-3228 Lobortis Avenue,22496,Barrow,Burkina Faso
Lael,Carolyn,posuere@loremtristique.ca,10/01/2013,4147737012,0,Ap #598-4493 Eros. St.,87583,New Bedford,Uzbekistan
Tiger,Raja,quis@pulvinar.com,19/01/2012,5283010032,2,P.O. Box 113 8377 Convallis Road,85768,Fredericksburg,Namibia
Reece,Barrett,sed.dictum.eleifend@justo.ca,08/04/2012,7160181213,1,Ap #667-6056 Cursus Ave,41510,Turlock,Qatar
Ruby,Zephr,luctus.ut@Nullamedu,10/03/2013,9770851165,1,Ap #934-8988 Lectus Street,30050,West Springfield,Denmark
Talon,William,vitae.nibh.Donec@Maecenas.edu,27/01/2013,1091943018,1,434-812 Felis St.,71021,West Warwick,Luxembourg
Asher,Ulric,tempus.eu@Donec.com,01/02/2012,2834787896,1,811-8935 Dolor Av.,50281,Clearwater,Greece
Denton,Belle,dui.Fusce.aliquam@Mauris.ca,12/09/2012,4228006802,1,2812 Tellus. St.,18936,Chicago,Maldives
Abra,Ifeoma,in.aliquet@Pellentesqueutipsum.edu,18/09/2012,7230031621,1,P.O. Box 882 9573 Lacus. Ave,07934,Bradbury,Turkey
Jada,Kato,eros.turpis@iaculisaliquet.com,04/07/2013,1562603335,0,211-2263 Sed Street,10254,Franklin,Iran, Islamic Republic of
Thor,Savannah,quam.quis.diam@sed.com,04/08/2012,4996500936,0,Ap #766-1361 At Avenue,81035,Fullerton,Slovakia
Joseph,Cally,eget.nisi.dictum@metusIn.ca,18/09/2011,8085696532,1,693-2908 Ut St.,54190,La Ca√±ada Flintridge,Reunion
Joy,Lucius,aliquam.eu@sapien.ca,05/09/2013,8583279702,1,6782 Sapien Road,02011,Biloxi,Norfolk Island
Simon,Len,Morbi@utquam.ca,10/06/2012,5154472453,1,P.O. Box 103 417 In Road,02823,Wahoo,Trinidad and Tobago
Daniel,Katelyn,Etiam@risus.org,25/07/2013,7502084537,0,468-1914 Faucibus St.,44978,Superior,Nauru
Amal,Hedy,libero.Donec.consectetuer@euismodmauris.edu,07/06/2012,3725809337,1,1656 Consequat Avenue,06593,Gloversville,Spain
Wanda,Hannah,ante@amet.ca,30/07/2013,xxxyyy,0,428-6729 Luctus Rd.,32936,Frederick,Canada
Lane,Nasim,amet.ornare@purusMaecenaslibero.edu,29/04/2012,8292946534,1,P.O. Box 207 6466 Erat Avenue,49685,Weirton,Zambia
Brittany,Maris,laoreet.lectus@justoPraesent.org,04/10/2012,2855701236,0,302-2816 Non Rd.,72757,Oneonta,Marshall Islands
Tarik,Erasmus,Aenean.gravida.nunc@aliquamenim.ca,30/03/2013,8253065292,0,3108 Mollis. Av.,90365,Brigham City,Estonia
Brock,Abraham,libero.mauris@Fusce.org,09/09/2011,3088485004,0,P.O. Box 413 8674 Penatibus Rd.,28684,Prescott,Brunei Darussalam
Louis,Omar,sed.pede.nec@justo.edu,25/06/2013,3092487592,1,7794 Vestibulum Av.,20588,Baltimore,Mauritania
Alden,Medge,et@rhoncus.org,05/06/2012,5764913772,1,5020 Curabitur Rd.,47405,Green River,Botswana
Blaine,Haley,nisl.Maecenas.malesuada@Quisque.org,15/12/2011,7544046413,1,946-4213 Aenean Avenue,41246,Meriden,Myanmar
Reagan,Ursula,dictum.cursus@scelerisque.ca,18/09/2011,7032178592,0,Ap #982-6019 At St.,47484,Albany,Liechtenstein
Ciaran,Victor,dignissim.Maecenas.ornare@Aliquamrutrumlorem.com,23/03/2012,7460549131,0,3362 Dignissim Road,17666,Blythe,Netherlands
Buckminster,Emerald,Quisque.purus@musProinvel.com,22/10/2012,9276330253,3,Ap #818-9999 Vulputate Ave,97353,La Palma,Chile
Kalia,Preston,nisl.Quisque.fringilla@sociosquad.ca,25/02/2012,4560800053,0,P.O. Box 352 294 Suspendisse St.,27271,Pomona,Virgin Islands, British
Mari,Jeanette,molestie.sodales.Mauris@odioauctorvitae.edu,14/03/2012,3573373437,1,P.O. Box 222 7450 Nullam Ave,34216,Valdosta,Brunei Darussalam
Dominic,Hayes,risus.varius.orci@velit.com,09/09/2011,6329702149,0,P.O. Box 456 4627 Aptent Ave,79395,Dunkirk,Australia
Shelly,Mallory,nibh.Aliquam.ornare@quisurnaNunc.ca,07/01/2012,5004707947,0,P.O. Box 199 9288 Quam Rd.,88674,Suffolk,Svalbard and Jan Mayen
Forrest,Justina,cursus.diam.at@porttitorinterdum.com,07/02/2012,9544242299,0,775-3774 Pede. Road,62347,Decatur,Equatorial Guinea
Anika,Ora,ultricies@dui.edu,02/02/2013,1945298487,1,P.O. Box 350 6026 Euismod Street,98235,Laurel,Monaco
Marcia,Colt,ultrices.a@sedorci.com,05/12/2012,5081289777,1,Ap #571-5508 At Avenue,44879,Gloucester,Germany
Madaline,Knox,mattis.velit.justo@miAliquamgravida.com,03/06/2013,4915205072,1,P.O. Box 550 7449 Leo. St.,91661,Woodward,Afghanistan
Penelope,Kerry,penatibus.et.magnis@risusQuisque.ca,19/01/2013,9815110193,1,3969 Libero Rd.,63439,Manhattan Beach,France
Zena,Duncan,Vestibulum.accumsan.neque@pedeCumsociis.ca,02/07/2013,9261882892,0,Ap #554-4954 Id St.,18347,Vergennes,Seychelles
Raymond,Clare,in.aliquet@fermentum.org,15/09/2012,1212095997,0,907 Ligula Av.,82127,Vancouver,Comoros
Kelsey,Noble,Mauris.blandit@temporarcu.edu,28/06/2012,9630840430,0,4219 Ridiculus Rd.,23945,Pascagoula,Ghana
Raphael,Conan,Phasellus@Craseu.ca,26/10/2011,5348432576,1,P.O. Box 859 5779 Nibh. St.,18754,Kona,Taiwan, Province of China
Danielle,Miranda,quis.massa.Mauris@felis.edu,28/04/2012,5764197763,0,457-876 Blandit Rd.,59004,Laurel,Ukraine
Martha,Carly,nisi.a.odio@auctor.com,22/06/2013,7982089842,0,495-8743 Scelerisque Av.,98702,Edmond,Uzbekistan
Sydney,Ila,fermentum.vel.mauris@nislelementum.edu,05/09/2013,4906096839,1,888-5804 Diam Ave,84886,Charlotte Amalie,South Georgia and The South Sandwich Islands
Kasper,Laura,sit.amet@at.org,16/03/2012,6573569308,0,Ap #460-1614 Vel Rd.,25611,Scottsbluff,Ukraine
Nola,Hedwig,Nulla.tempor@liberoest.ca,15/09/2011,2766236644,1,Ap #444-2168 Euismod St.,67979,San Juan Capistrano,Norway
Michael,Chava,vel@placeratvelitQuisque.ca,19/07/2012,1047373928,1,658-1040 Diam Av.,28798,Lock Haven,New Zealand
Jolene,Nathaniel,rutrum.lorem.ac@ornareFusce.edu,19/04/2013,6353637655,1,4464 Ac Road,66336,Coral Springs,Tokelau
Ella,Murphy,rhoncus.id@In.com,18/04/2012,1776039705,0,Ap #541-8455 Praesent Road,15651,Selma,Jordan
Jeremy,Kalia,aliquet@Namconsequat.ca,09/12/2011,6863803609,1,Ap #210-1988 Mauris Road,27589,Helena,Fiji
Hanna,Tamekah,interdum@utodio.ca,28/12/2012,1264178787,1,634-3371 Scelerisque St.,80979,Fairfield,Andorra
